DT1->DT2,DT2->DT1
118.155972721634,118.155972721634
