geo1->geo2,geo2->geo3,geo3->geo4,geo4->geo1
49.9251831165395,50.0978,49.9536217336704,50.2328105149475
