HU1,HU2,HU3,HU4,HU5,HU6,HU7,HU8,HU9
-967.009573,-177.565538,686.571429,-87.009368,-30.306792,120.224824,223.449649,367.70726,963.962529
