UF1,UF2,UF3,UF4,UF5
13.736093,11.517134,13.401424,14.920783,13.409435
